name,gender,probability,count,country_id
aaron,male,0.99,24633,all
abbas,male,0.97,6690,all
abd,male,0.95,6624,all
abdallah,male,0.97,5956,all
abdan,male,1,18,all
abdul,male,0.98,21332,all
abed,male,0.97,3570,all
abiud,male,0.86,35,all
abrahamu,male,1,1,all
abubakar,male,0.96,2503,all
aaron,male,0.99,24633,all
abbas,male,0.97,6690,all
abd,male,0.95,6624,all
abdallah,male,0.97,5956,all
abdan,male,1,18,all
abdul,male,0.98,21332,all
abed,male,0.97,3570,all
abiud,male,0.86,35,all
abrahamu,male,1,1,all
abubakar,male,0.96,2503,all
acet,male,0.9,10,all
ada,female,0.79,21023,all
adam,male,0.98,116396,all
adelaida,female,0.97,786,all
adil,male,0.97,29692,all
agnes,female,0.98,15854,all
ahmed,male,0.98,139051,all
air,male,0.7,1055,all
ajith,male,0.99,480,all
akello,female,0.91,68,all
acet,male,0.9,10,all
ada,female,0.79,21023,all
adam,male,0.98,116396,all
adelaida,female,0.97,786,all
adil,male,0.97,29692,all
agnes,female,0.98,15854,all
ahmed,male,0.98,139051,all
air,male,0.7,1055,all
ajith,male,0.99,480,all
akello,female,0.91,68,all
akim,male,0.97,2858,all
albert,male,0.98,41504,all
alex,male,0.9,411319,all
alexander,male,0.99,66065,all
alexandra,female,0.98,122985,all
alfred,male,0.98,13747,all
ali,male,0.95,319583,all
aline,female,0.97,22311,all
allen,male,0.93,6769,all
akim,male,0.97,2858,all
albert,male,0.98,41504,all
alex,male,0.9,411319,all
alexander,male,0.99,66065,all
alexandra,female,0.98,122985,all
alfred,male,0.98,13747,all
ali,male,0.95,319583,all
aline,female,0.97,22311,all
allen,male,0.93,6769,all
alulu,male,0.6,10,all
aman,male,0.91,4175,all
amani,female,0.82,3256,all
amazia,male,0.71,7,all
amida,female,0.8,130,all
amne,female,0.58,85,all
amos,male,0.97,3088,all
amran,male,0.84,409,all
ana,female,0.98,273767,all
anaclet,male,0.99,136,all
alulu,male,0.6,10,all
aman,male,0.91,4175,all
amani,female,0.82,3256,all
amazia,male,0.71,7,all
amida,female,0.8,130,all
amne,female,0.58,85,all
amos,male,0.97,3088,all
amran,male,0.84,409,all
ana,female,0.98,273767,all
anaclet,male,0.99,136,all
anastasia,female,0.98,22207,all
andrew,male,0.99,60301,all
aneth,female,0.97,103,all
angel,male,0.68,105060,all
anjali,female,0.97,694,all
anna,female,0.98,383713,all
annie,female,0.98,28150,all
anold,male,0.98,58,all
ansi,male,0.51,87,all
ansila,female,1,7,all
anastasia,female,0.98,22207,all
andrew,male,0.99,60301,all
aneth,female,0.97,103,all
angel,male,0.68,105060,all
anjali,female,0.97,694,all
anna,female,0.98,383713,all
annie,female,0.98,28150,all
anold,male,0.98,58,all
ansi,male,0.51,87,all
ansila,female,1,7,all
anthony,male,0.99,98251,all
arafa,male,0.76,251,all
aristides,male,0.99,553,all
arnold,male,0.99,9187,all
ashif,male,1,79,all
ashley,female,0.61,13738,all
ashraf,male,0.97,7050,all
asimwe,male,0.67,12,all
awadh,male,0.98,102,all
babu,male,0.86,1509,all
anthony,male,0.99,98251,all
arafa,male,0.76,251,all
aristides,male,0.99,553,all
arnold,male,0.99,9187,all
ashif,male,1,79,all
ashley,female,0.61,13738,all
ashraf,male,0.97,7050,all
asimwe,male,0.67,12,all
awadh,male,0.98,102,all
babu,male,0.86,1509,all
bahati,male,0.6,174,all
baraka,male,0.78,393,all
barbra,female,0.96,438,all
batista,male,0.9,932,all
beatrice,female,0.98,24617,all
bello,male,0.93,3954,all
ben,male,0.95,77991,all
benedict,male,0.97,1849,all
beni,male,0.9,5716,all
bahati,male,0.6,174,all
baraka,male,0.78,393,all
barbra,female,0.96,438,all
batista,male,0.9,932,all
beatrice,female,0.98,24617,all
bello,male,0.93,3954,all
ben,male,0.95,77991,all
benedict,male,0.97,1849,all
beni,male,0.9,5716,all
benny,male,0.92,15493,all
benson,male,0.97,2227,all
bernard,male,0.98,38897,all
bharath,male,0.99,508,all
boaz,male,0.99,331,all
boke,male,0.63,103,all
boniface,male,0.97,965,all
brighton,male,0.96,270,all
brigitha,female,0.9,10,all
bryson,male,1,121,all
benny,male,0.92,15493,all
benson,male,0.97,2227,all
bernard,male,0.98,38897,all
bharath,male,0.99,508,all
boaz,male,0.99,331,all
boke,male,0.63,103,all
boniface,male,0.97,965,all
brighton,male,0.96,270,all
brigitha,female,0.9,10,all
bryson,male,1,121,all
calvin,male,0.99,5388,all
cameron,male,0.92,3334,all
caroline,female,0.98,64753,all
castory,male,1,7,all
catherine,female,0.98,50312,all
cecil,male,0.58,1244,all
cedric,male,0.99,44343,all
cemalettin,male,0.98,1146,all
charity,female,0.97,1973,all
charles,male,0.99,49331,all
calvin,male,0.99,5388,all
cameron,male,0.92,3334,all
caroline,female,0.98,64753,all
castory,male,1,7,all
catherine,female,0.98,50312,all
cecil,male,0.58,1244,all
cedric,male,0.99,44343,all
cemalettin,male,0.98,1146,all
charity,female,0.97,1973,all
charles,male,0.99,49331,all
cheyenne,female,0.9,1743,all
christer,male,0.98,2672,all
christian,male,0.99,156233,all
christiano,male,0.99,923,all
christina,female,0.98,35006,all
christopher,male,0.99,53539,all
claude,male,0.89,34671,all
claudia,female,0.98,118604,all
cheyenne,female,0.9,1743,all
christer,male,0.98,2672,all
christian,male,0.99,156233,all
christiano,male,0.99,923,all
christina,female,0.98,35006,all
christopher,male,0.99,53539,all
claude,male,0.89,34671,all
claudia,female,0.98,118604,all
climate,male,1,6,all
comfort,female,0.91,1540,all
consolata,female,0.98,114,all
constantine,male,0.9,985,all
costas,male,0.98,1661,all
cpa,male,0.69,32,all
cpd,female,0.5,6,all
cyprian,male,0.99,762,all
cyrus,male,0.98,1498,all
climate,male,1,6,all
comfort,female,0.91,1540,all
consolata,female,0.98,114,all
constantine,male,0.9,985,all
costas,male,0.98,1661,all
cpa,male,0.69,32,all
cpd,female,0.5,6,all
cyprian,male,0.99,762,all
cyrus,male,0.98,1498,all
dadi,male,0.84,3497,all
danica,female,0.98,2158,all
daniel,male,0.99,317409,all
data,male,0.8,263,all
daudi,male,0.98,145,all
david,male,0.99,501011,all
davis,male,0.97,2904,all
dennis,male,0.99,61118,all
deogratius,male,1,68,all
dadi,male,0.84,3497,all
danica,female,0.98,2158,all
daniel,male,0.99,317409,all
data,male,0.8,263,all
daudi,male,0.98,145,all
david,male,0.99,501011,all
davis,male,0.97,2904,all
dennis,male,0.99,61118,all
deogratius,male,1,68,all
desderius,male,1,3,all
development,male,0.86,7,all
diana,female,0.98,89820,all
diederik,male,0.98,329,all
diyu,male,0.6,5,all
donald,male,0.98,12059,all
doreen,female,0.97,6429,all
dorra,female,0.98,1021,all
desderius,male,1,3,all
development,male,0.86,7,all
diana,female,0.98,89820,all
diederik,male,0.98,329,all
diyu,male,0.6,5,all
donald,male,0.98,12059,all
doreen,female,0.97,6429,all
dorra,female,0.98,1021,all
dr,male,0.92,9291,all
eddy,male,0.98,26557,all
edson,male,0.98,4916,all
eduard,male,0.99,10188,all
edward,male,0.99,22248,all
el,male,0.91,46947,all
elias,male,0.98,13320,all
elineema,male,1,4,all
elionora,female,1,31,all
dr,male,0.92,9291,all
eddy,male,0.98,26557,all
edson,male,0.98,4916,all
eduard,male,0.99,10188,all
edward,male,0.99,22248,all
el,male,0.91,46947,all
elias,male,0.98,13320,all
elineema,male,1,4,all
elionora,female,1,31,all
elioth,male,0.89,35,all
elisha,female,0.53,938,all
eliud,male,0.97,238,all
elizabeth,female,0.99,31288,all
elliot,male,0.97,1939,all
elvis,male,0.97,12533,all
emelda,female,0.96,224,all
emma,female,0.93,57489,all
emmanuel,male,0.99,45589,all
eng,male,0.87,2187,all
elioth,male,0.89,35,all
elisha,female,0.53,938,all
eliud,male,0.97,238,all
elizabeth,female,0.99,31288,all
elliot,male,0.97,1939,all
elvis,male,0.97,12533,all
emelda,female,0.96,224,all
emma,female,0.93,57489,all
emmanuel,male,0.99,45589,all
eng,male,0.87,2187,all
engineer,male,0.96,512,all
enock,male,0.97,786,all
enterprise,male,0.88,17,all
erasto,male,0.98,60,all
eric,male,0.99,135071,all
erica,female,0.99,22048,all
erick,male,0.98,9929,all
estate,female,0.53,76,all
esther,female,0.99,43885,all
eugene,male,0.95,8915,all
engineer,male,0.96,512,all
enock,male,0.97,786,all
enterprise,male,0.88,17,all
erasto,male,0.98,60,all
eric,male,0.99,135071,all
erica,female,0.99,22048,all
erick,male,0.98,9929,all
estate,female,0.53,76,all
esther,female,0.99,43885,all
eugene,male,0.95,8915,all
ezekiel,male,0.98,1685,all
fabian,male,0.99,27337,all
faith,female,0.9,5982,all
faraji,male,0.91,67,all
favorite,male,0.58,26,all
felix,male,0.98,35608,all
filbert,male,0.97,120,all
finance,male,0.79,38,all
florence,female,0.98,31246,all
fortunatus,male,1,33,all
ezekiel,male,0.98,1685,all
fabian,male,0.99,27337,all
faith,female,0.9,5982,all
faraji,male,0.91,67,all
favorite,male,0.58,26,all
felix,male,0.98,35608,all
filbert,male,0.97,120,all
finance,male,0.79,38,all
florence,female,0.98,31246,all
fortunatus,male,1,33,all
francis,male,0.94,38777,all
franck,male,0.99,63421,all
francoise,female,0.97,10951,all
frank,male,0.99,82391,all
fredrick,male,0.98,1719,all
fredy,male,0.97,5732,all
fuad,male,0.98,2728,all
gabriel,male,0.98,52559,all
gabriella,female,0.99,18306,all
francis,male,0.94,38777,all
franck,male,0.99,63421,all
francoise,female,0.97,10951,all
frank,male,0.99,82391,all
fredrick,male,0.98,1719,all
fredy,male,0.97,5732,all
fuad,male,0.98,2728,all
gabriel,male,0.98,52559,all
gabriella,female,0.99,18306,all
gallus,male,0.91,54,all
gaston,male,0.97,5144,all
gebra,male,0.6,5,all
geetha,female,0.98,264,all
gembe,female,1,2,all
geoffrey,male,0.99,14049,all
george,male,0.98,65488,all
gerald,male,0.99,13923,all
gilay,male,1,3,all
gilbert,male,0.98,11960,all
gallus,male,0.91,54,all
gaston,male,0.97,5144,all
gebra,male,0.6,5,all
geetha,female,0.98,264,all
gembe,female,1,2,all
geoffrey,male,0.99,14049,all
george,male,0.98,65488,all
gerald,male,0.99,13923,all
gilay,male,1,3,all
gilbert,male,0.98,11960,all
gimbo,male,0.96,72,all
gina,female,0.98,22233,all
gizzel,female,1,3,all
glen,male,0.55,8106,all
gloria,female,0.99,35269,all
godfrey,male,0.99,1976,all
godian,male,1,19,all
godlove,male,0.87,93,all
gimbo,male,0.96,72,all
gina,female,0.98,22233,all
gizzel,female,1,3,all
glen,male,0.55,8106,all
gloria,female,0.99,35269,all
godfrey,male,0.99,1976,all
godian,male,1,19,all
godlove,male,0.87,93,all
gouthami,female,1,4,all
grace,female,0.97,20056,all
grant,male,0.99,4310,all
grayson,male,0.97,117,all
gregory,male,0.99,25701,all
gwamaka,male,1,10,all
hadija,female,0.98,115,all
hakim,male,0.98,21592,all
halifa,male,0.75,69,all
gouthami,female,1,4,all
grace,female,0.97,20056,all
grant,male,0.99,4310,all
grayson,male,0.97,117,all
gregory,male,0.99,25701,all
gwamaka,male,1,10,all
hadija,female,0.98,115,all
hakim,male,0.98,21592,all
halifa,male,0.75,69,all
halima,female,0.98,4489,all
hamza,male,0.97,39954,all
hance,male,0.64,50,all
happiness,female,0.81,885,all
haruna,male,0.64,960,all
haryson,male,1,5,all
hassan,male,0.97,49197,all
haule,female,0.76,17,all
hazem,male,0.98,3411,all
henry,male,0.98,30742,all
halima,female,0.98,4489,all
hamza,male,0.97,39954,all
hance,male,0.64,50,all
happiness,female,0.81,885,all
haruna,male,0.64,960,all
haryson,male,1,5,all
hassan,male,0.97,49197,all
haule,female,0.76,17,all
hazem,male,0.98,3411,all
henry,male,0.98,30742,all
herieth,female,1,12,all
hidaya,female,0.93,242,all
hilda,female,0.98,3862,all
holythur,male,1,1,all
humphrey,male,0.98,851,all
huruma,male,0.71,7,all
hussein,male,0.98,7246,all
ibrahim,male,0.97,93308,all
iddi,male,0.84,107,all
ignace,male,0.99,887,all
herieth,female,1,12,all
hidaya,female,0.93,242,all
hilda,female,0.98,3862,all
holythur,male,1,1,all
humphrey,male,0.98,851,all
huruma,male,0.71,7,all
hussein,male,0.98,7246,all
ibrahim,male,0.97,93308,all
iddi,male,0.84,107,all
ignace,male,0.99,887,all
innocent,male,0.93,4150,all
ir,male,0.59,374,all
irene,female,0.99,50462,all
isaac,male,0.98,18722,all
isaack,male,0.98,84,all
isack,male,0.99,139,all
ismael,male,0.99,23391,all
israel,male,0.98,10526,all
ivo,male,0.98,12873,all
innocent,male,0.93,4150,all
ir,male,0.59,374,all
irene,female,0.99,50462,all
isaac,male,0.98,18722,all
isaack,male,0.98,84,all
isack,male,0.99,139,all
ismael,male,0.99,23391,all
israel,male,0.98,10526,all
ivo,male,0.98,12873,all
iyakaremye,male,1,12,all
jackline,female,0.98,541,all
jackson,male,0.97,5208,all
jacqueline,female,0.98,29511,all
jacquiline,female,1,158,all
jade,female,0.91,13455,all
jake,male,0.98,10579,all
jamal,male,0.97,21221,all
james,male,0.99,117309,all
jane,female,0.97,36653,all
iyakaremye,male,1,12,all
jackline,female,0.98,541,all
jackson,male,0.97,5208,all
jacqueline,female,0.98,29511,all
jacquiline,female,1,158,all
jade,female,0.91,13455,all
jake,male,0.98,10579,all
jamal,male,0.97,21221,all
james,male,0.99,117309,all
jane,female,0.97,36653,all
janvi,female,0.89,53,all
jasson,male,0.98,193,all
jean,male,0.95,196185,all
jesca,female,0.94,88,all
jessica,female,0.98,144795,all
jessy,female,0.76,21086,all
jimmy,male,0.98,41244,all
jin,male,0.7,7587,all
jn,male,0.96,3758,all
joachim,male,0.99,8264,all
janvi,female,0.89,53,all
jasson,male,0.98,193,all
jean,male,0.95,196185,all
jesca,female,0.94,88,all
jessica,female,0.98,144795,all
jessy,female,0.76,21086,all
jimmy,male,0.98,41244,all
jin,male,0.7,7587,all
jn,male,0.96,3758,all
joachim,male,0.99,8264,all
joan,male,0.69,27362,all
joas,male,0.99,148,all
joe,male,0.95,58829,all
joel,male,0.98,42048,all
johannes,male,0.99,13733,all
john,male,0.99,218952,all
jolene,female,0.98,822,all
jonace,male,0.67,6,all
jonathan,male,0.99,87986,all
joseph,male,0.99,60259,all
joan,male,0.69,27362,all
joas,male,0.99,148,all
joe,male,0.95,58829,all
joel,male,0.98,42048,all
johannes,male,0.99,13733,all
john,male,0.99,218952,all
jolene,female,0.98,822,all
jonace,male,0.67,6,all
jonathan,male,0.99,87986,all
joseph,male,0.99,60259,all
josephat,male,0.93,189,all
josephine,female,0.98,9009,all
joshua,male,0.99,20919,all
josiane,female,0.99,11039,all
jossiah,male,1,2,all
jovine,female,0.71,21,all
joyce,female,0.96,16082,all
judith,female,0.98,19741,all
julia,female,0.97,106666,all
julius,male,0.99,9001,all
josephat,male,0.93,189,all
josephine,female,0.98,9009,all
joshua,male,0.99,20919,all
josiane,female,0.99,11039,all
jossiah,male,1,2,all
jovine,female,0.71,21,all
joyce,female,0.96,16082,all
judith,female,0.98,19741,all
julia,female,0.97,106666,all
julius,male,0.99,9001,all
juma,male,0.92,973,all
justin,male,0.98,29577,all
justus,male,0.99,1118,all
kaisi,male,0.72,18,all
karen,female,0.95,48557,all
kassim,male,0.97,1156,all
katarzyna,female,0.98,72905,all
katherine,female,0.98,8451,all
keisha,female,0.97,487,all
kelvin,male,0.99,12551,all
juma,male,0.92,973,all
justin,male,0.98,29577,all
justus,male,0.99,1118,all
kaisi,male,0.72,18,all
karen,female,0.95,48557,all
kassim,male,0.97,1156,all
katarzyna,female,0.98,72905,all
katherine,female,0.98,8451,all
keisha,female,0.97,487,all
kelvin,male,0.99,12551,all
kennedy,male,0.96,2836,all
kenneth,male,0.98,20666,all
kevin,male,0.99,157365,all
khamis,male,0.97,471,all
kisaro,male,1,1,all
kobus,male,0.98,525,all
kumar,male,0.99,3142,all
laizer,male,0.73,11,all
larry,male,0.97,11821,all
kennedy,male,0.96,2836,all
kenneth,male,0.98,20666,all
kevin,male,0.99,157365,all
khamis,male,0.97,471,all
kisaro,male,1,1,all
kobus,male,0.98,525,all
kumar,male,0.99,3142,all
laizer,male,0.73,11,all
larry,male,0.97,11821,all
laura,female,0.98,288403,all
laurent,male,0.99,84979,all
lawrence,male,0.98,8119,all
lee,male,0.8,38767,all
leonce,male,0.72,521,all
levy,male,0.82,802,all
lewis,male,0.98,6377,all
leylow,male,0.67,3,all
lilian,female,0.73,11025,all
lillian,female,0.97,1806,all
laura,female,0.98,288403,all
laurent,male,0.99,84979,all
lawrence,male,0.98,8119,all
lee,male,0.8,38767,all
leonce,male,0.72,521,all
levy,male,0.82,802,all
lewis,male,0.98,6377,all
leylow,male,0.67,3,all
lilian,female,0.73,11025,all
lillian,female,0.97,1806,all
limited,male,0.75,106,all
lina,female,0.98,49378,all
lion,male,0.95,6069,all
lotha,female,0.57,7,all
luan,male,0.92,1929,all
lucas,male,0.98,40689,all
luke,male,0.99,16791,all
limited,male,0.75,106,all
lina,female,0.98,49378,all
lion,male,0.95,6069,all
lotha,female,0.57,7,all
luan,male,0.92,1929,all
lucas,male,0.98,40689,all
luke,male,0.99,16791,all
lusajo,male,0.89,19,all
madeline,female,0.98,1847,all
magdalena,female,0.98,74013,all
malima,male,0.53,15,all
manish,male,0.99,3879,all
manoj,male,0.99,3843,all
lusajo,male,0.89,19,all
madeline,female,0.98,1847,all
magdalena,female,0.98,74013,all
malima,male,0.53,15,all
manish,male,0.99,3879,all
manoj,male,0.99,3843,all
marco,male,0.99,357670,all
maria,female,0.98,334287,all
mariam,female,0.98,16152,all
marie,female,0.98,229433,all
mark,male,0.99,119313,all
martine,female,0.98,39487,all
marwan,male,0.98,7691,all
mary,female,0.99,142684,all
mateja,female,0.89,1796,all
mathew,male,0.99,4066,all
marco,male,0.99,357670,all
maria,female,0.98,334287,all
mariam,female,0.98,16152,all
marie,female,0.98,229433,all
mark,male,0.99,119313,all
martine,female,0.98,39487,all
marwan,male,0.98,7691,all
mary,female,0.99,142684,all
mateja,female,0.89,1796,all
mathew,male,0.99,4066,all
matthew,male,1,35521,all
maurice,male,0.98,16593,all
mawazo,male,0.69,13,all
maxine,female,0.96,1832,all
maxmillian,male,1,28,all
mbwana,male,0.91,11,all
medson,male,0.97,35,all
mei,female,0.94,3347,all
melba,female,0.96,403,all
matthew,male,1,35521,all
maurice,male,0.98,16593,all
mawazo,male,0.69,13,all
maxine,female,0.96,1832,all
maxmillian,male,1,28,all
mbwana,male,0.91,11,all
medson,male,0.97,35,all
mei,female,0.94,3347,all
melba,female,0.96,403,all
melchior,male,0.97,278,all
meshack,male,0.99,303,all
michael,male,0.99,245870,all
michelle,female,0.98,66334,all
million,male,0.79,222,all
mistoura,female,1,12,all
miza,female,0.7,174,all
mohamed,male,0.98,175927,all
melchior,male,0.97,278,all
meshack,male,0.99,303,all
michael,male,0.99,245870,all
michelle,female,0.98,66334,all
million,male,0.79,222,all
mistoura,female,1,12,all
miza,female,0.7,174,all
mohamed,male,0.98,175927,all
mohapi,male,1,28,all
moses,male,0.98,6918,all
mr,male,0.95,30855,all
mudathiru,male,1,1,all
muddy,male,0.93,110,all
mukiza,male,0.73,15,all
murshid,male,0.95,58,all
mussa,male,0.94,699,all
mohapi,male,1,28,all
moses,male,0.98,6918,all
mr,male,0.95,30855,all
mudathiru,male,1,1,all
muddy,male,0.93,110,all
mukiza,male,0.73,15,all
murshid,male,0.95,58,all
mussa,male,0.94,699,all
mwendwa,male,0.62,13,all
mwl,male,0.56,9,all
na,female,0.72,5004,all
nabahani,male,1,2,all
nael,male,0.88,714,all
nairobi,female,0.81,114,all
najib,male,0.97,4478,all
najma,female,0.97,581,all
nancy,female,0.98,42623,all
nasser,male,0.98,8884,all
mwendwa,male,0.62,13,all
mwl,male,0.56,9,all
na,female,0.72,5004,all
nabahani,male,1,2,all
nael,male,0.88,714,all
nairobi,female,0.81,114,all
najib,male,0.97,4478,all
najma,female,0.97,581,all
nancy,female,0.98,42623,all
nasser,male,0.98,8884,all
nataly,female,0.98,6666,all
nathan,male,0.99,20181,all
national,male,0.79,34,all
naushad,male,0.98,197,all
ndoli,male,0.63,24,all
neema,female,0.91,381,all
neil,male,0.99,15028,all
nelson,male,0.98,24495,all
ng,male,0.58,2361,all
nataly,female,0.98,6666,all
nathan,male,0.99,20181,all
national,male,0.79,34,all
naushad,male,0.98,197,all
ndoli,male,0.63,24,all
neema,female,0.91,381,all
neil,male,0.99,15028,all
nelson,male,0.98,24495,all
ng,male,0.58,2361,all
nguvu,male,1,3,all
nicole,female,0.98,102075,all
nitin,male,1,2710,all
nizar,male,0.98,7794,all
nkusi,male,1,23,all
noah,male,0.88,3939,all
noel,male,0.93,12563,all
noela,female,0.99,298,all
nguvu,male,1,3,all
nicole,female,0.98,102075,all
nitin,male,1,2710,all
nizar,male,0.98,7794,all
nkusi,male,1,23,all
noah,male,0.88,3939,all
noel,male,0.93,12563,all
noela,female,0.99,298,all
noelia,female,0.99,25366,all
oksana,female,0.98,11688,all
olivier,male,0.99,76702,all
onesmo,male,1,31,all
oscar,male,0.99,69174,all
pablo,male,0.99,76709,all
paolo,male,0.99,102713,all
noelia,female,0.99,25366,all
oksana,female,0.98,11688,all
olivier,male,0.99,76702,all
onesmo,male,1,31,all
oscar,male,0.99,69174,all
pablo,male,0.99,76709,all
paolo,male,0.99,102713,all
papy,male,0.96,2459,all
pascual,male,0.98,2451,all
patricia,female,0.98,132232,all
patrick,male,0.99,153288,all
paul,male,0.99,148099,all
peace,female,0.65,3808,all
pendo,female,0.88,93,all
peng,male,0.84,1286,all
peter,male,0.99,165452,all
petrus,male,0.92,1216,all
papy,male,0.96,2459,all
pascual,male,0.98,2451,all
patricia,female,0.98,132232,all
patrick,male,0.99,153288,all
paul,male,0.99,148099,all
peace,female,0.65,3808,all
pendo,female,0.88,93,all
peng,male,0.84,1286,all
peter,male,0.99,165452,all
petrus,male,0.92,1216,all
philbert,male,0.94,121,all
prachi,female,0.98,245,all
princess,female,0.98,14561,all
priscus,male,0.91,11,all
prof,male,0.93,851,all
qs,male,0.75,51,all
queen,female,0.97,4947,all
rachael,female,0.97,3161,all
radha,female,0.73,407,all
philbert,male,0.94,121,all
prachi,female,0.98,245,all
princess,female,0.98,14561,all
priscus,male,0.91,11,all
prof,male,0.93,851,all
qs,male,0.75,51,all
queen,female,0.97,4947,all
rachael,female,0.97,3161,all
radha,female,0.73,407,all
rajdeep,male,0.97,162,all
ramla,female,0.93,246,all
rammar,male,0.8,5,all
rasheed,male,0.98,1480,all
rasoul,male,0.99,279,all
raya,female,0.87,872,all
raymond,male,0.99,21679,all
regina,female,0.98,18851,all
reginald,male,0.99,1486,all
rehema,female,0.98,192,all
rajdeep,male,0.97,162,all
ramla,female,0.93,246,all
rammar,male,0.8,5,all
rasheed,male,0.98,1480,all
rasoul,male,0.99,279,all
raya,female,0.87,872,all
raymond,male,0.99,21679,all
regina,female,0.98,18851,all
reginald,male,0.99,1486,all
rehema,female,0.98,192,all
revocatus,male,1,38,all
riaz,male,0.99,907,all
richard,male,0.99,101928,all
rifa,female,0.54,150,all
ringo,male,0.95,1394,all
robert,male,0.99,177418,all
roy,male,0.98,21602,all
rummy,male,0.74,34,all
ryaan,male,0.97,59,all
saad,male,0.97,15627,all
revocatus,male,1,38,all
riaz,male,0.99,907,all
richard,male,0.99,101928,all
rifa,female,0.54,150,all
ringo,male,0.95,1394,all
robert,male,0.99,177418,all
roy,male,0.98,21602,all
rummy,male,0.74,34,all
ryaan,male,0.97,59,all
saad,male,0.97,15627,all
sabra,female,0.91,346,all
sadock,male,1,13,all
sai,male,0.77,2637,all
said,male,0.97,48120,all
sajju,male,0.89,28,all
salama,male,0.57,774,all
salim,male,0.98,29722,all
salula,male,1,1,all
salum,male,0.97,172,all
salumu,male,0.73,11,all
sabra,female,0.91,346,all
sadock,male,1,13,all
sai,male,0.77,2637,all
said,male,0.97,48120,all
sajju,male,0.89,28,all
salama,male,0.57,774,all
salim,male,0.98,29722,all
salula,male,1,1,all
salum,male,0.97,172,all
salumu,male,0.73,11,all
samson,male,0.97,4603,all
samwel,male,0.97,279,all
sanchita,female,0.96,53,all
sara,female,0.98,244324,all
sarah,female,0.98,174584,all
sebastian,male,0.99,81792,all
sen,male,0.69,2063,all
sepehr,male,0.98,691,all
samson,male,0.97,4603,all
samwel,male,0.97,279,all
sanchita,female,0.96,53,all
sara,female,0.98,244324,all
sarah,female,0.98,174584,all
sebastian,male,0.99,81792,all
sen,male,0.69,2063,all
sepehr,male,0.98,691,all
shabnam,female,0.98,861,all
shally,female,0.85,227,all
shalua,female,0.5,4,all
shannon,female,0.78,5669,all
sharon,female,0.98,33532,all
shemita,male,1,2,all
shirin,female,0.95,1855,all
simon,male,0.98,71276,all
sisti,male,0.59,17,all
skytop,male,1,3,all
shabnam,female,0.98,861,all
shally,female,0.85,227,all
shalua,female,0.5,4,all
shannon,female,0.78,5669,all
sharon,female,0.98,33532,all
shemita,male,1,2,all
shirin,female,0.95,1855,all
simon,male,0.98,71276,all
sisti,male,0.59,17,all
skytop,male,1,3,all
sofonias,male,1,23,all
somya,female,0.86,80,all
sophia,female,0.97,16034,all
soud,male,0.86,347,all
stephen,male,0.99,36980,all
steve,male,0.99,72719,all
storm,male,0.81,1224,all
suleiman,male,0.98,1145,all
sumo,male,0.8,138,all
sofonias,male,1,23,all
somya,female,0.86,80,all
sophia,female,0.97,16034,all
soud,male,0.86,347,all
stephen,male,0.99,36980,all
steve,male,0.99,72719,all
storm,male,0.81,1224,all
suleiman,male,0.98,1145,all
sumo,male,0.8,138,all
suprita,female,1,5,all
susan,female,0.98,32184,all
swaleh,male,0.94,72,all
sweetness,female,0.87,360,all
sylvia,female,0.98,22597,all
talita,female,0.98,629,all
tanzania,female,0.5,20,all
taylor,male,0.72,3370,all
the,male,0.86,28799,all
suprita,female,1,5,all
susan,female,0.98,32184,all
swaleh,male,0.94,72,all
sweetness,female,0.87,360,all
sylvia,female,0.98,22597,all
talita,female,0.98,629,all
tanzania,female,0.5,20,all
taylor,male,0.72,3370,all
the,male,0.86,28799,all
theddy,male,0.85,61,all
thobias,male,0.98,157,all
thomas,male,0.99,176440,all
timoth,male,0.98,397,all
titus,male,0.97,1755,all
tony,male,0.98,128022,all
tri,male,0.59,2863,all
tumaini,male,0.69,77,all
theddy,male,0.85,61,all
thobias,male,0.98,157,all
thomas,male,0.99,176440,all
timoth,male,0.98,397,all
titus,male,0.97,1755,all
tony,male,0.98,128022,all
tri,male,0.59,2863,all
tumaini,male,0.69,77,all
tuyishime,male,0.84,25,all
valerie,female,0.98,38121,all
vanessa,female,0.98,123396,all
victor,male,0.99,94927,all
victoria,female,0.98,35658,all
vijayalakshmi,female,1,78,all
tuyishime,male,0.84,25,all
valerie,female,0.98,38121,all
vanessa,female,0.98,123396,all
victor,male,0.99,94927,all
victoria,female,0.98,35658,all
vijayalakshmi,female,1,78,all
vinodh,male,1,115,all
viv,female,0.76,1087,all
vlad,male,0.95,12934,all
wambura,female,0.5,6,all
weston,male,0.97,188,all
wilfredo,male,0.98,1404,all
william,male,0.99,64097,all
willium,male,1,15,all
wilson,male,0.98,11567,all
winnie,female,0.88,4657,all
vinodh,male,1,115,all
viv,female,0.76,1087,all
vlad,male,0.95,12934,all
wambura,female,0.5,6,all
weston,male,0.97,188,all
wilfredo,male,0.98,1404,all
william,male,0.99,64097,all
willium,male,1,15,all
wilson,male,0.98,11567,all
winnie,female,0.88,4657,all
witness,male,0.72,114,all
wolfgang,male,0.99,12915,all
yasini,male,0.94,17,all
yasser,male,0.98,9171,all
yohana,female,0.95,1258,all
yoseph,male,1,251,all
yusuph,male,0.96,178,all
yutao,male,0.91,22,all
zaina,female,0.96,712,all
witness,male,0.72,114,all
wolfgang,male,0.99,12915,all
yasini,male,0.94,17,all
yasser,male,0.98,9171,all
yohana,female,0.95,1258,all
yoseph,male,1,251,all
yusuph,male,0.96,178,all
yutao,male,0.91,22,all
zaina,female,0.96,712,all
zainab,female,0.98,2261,all
zoe,female,0.95,8926,all
zuweina,female,1,3,all
zainab,female,0.98,2261,all
zoe,female,0.95,8926,all
zuweina,female,1,3,all
