Code,Indicator Name,Short definition,Long definition,Source,Topic,Dataset,Periodicity,Aggregation method,General comments
DT.CUR.OTHC.ZS,"Currency composition of PPG debt, all other currencies (%)",The percentage of external long-term public and publicly-guaranteed debt contracted in all other currencies not specified for the low- and middle-income countries.,The percentage of external long-term public and publicly-guaranteed debt contracted in all other currencies not specified for the low- and middle-income countries.,"World Bank, International Debt Statistics.",Economic Policy & Debt: External debt: Currency composition,International Debt Statistics,Annual,Weighted average,
DT.DOD.ALLC.ZS,Concessional debt (% of total external debt),Concessional debt to total external debt stocks. Concessional debt is defined as loans with an original grant element of 35 percent or more.,Concessional debt to total external debt stocks. Concessional debt is defined as loans with an original grant element of 35 percent or more.,"World Bank, International Debt Statistics.",Economic Policy & Debt: External debt: Debt ratios & other items,International Debt Statistics,Annual,Weighted average,
DT.CUR.DMAK.ZS,"Currency composition of PPG debt, Deutsche mark (%)",The percentage of external long-term public and publicly-guaranteed debt contracted in Deutsche marks for the low- and middle-income countries.,The percentage of external long-term public and publicly-guaranteed debt contracted in Deutsche marks for the low- and middle-income countries.,"World Bank, International Debt Statistics.",Economic Policy & Debt: External debt: Currency composition,International Debt Statistics,Annual,Weighted average,
DT.CUR.EURO.ZS,"Currency composition of PPG debt, Euro (%)",The percentage of external long-term public and publicly-guaranteed debt contracted in Euros for the low- and middle-income countries.,The percentage of external long-term public and publicly-guaranteed debt contracted in Euros for the low- and middle-income countries.,"World Bank, International Debt Statistics.",Economic Policy & Debt: External debt: Currency composition,International Debt Statistics,Annual,Weighted average,
DT.CUR.FFRC.ZS,"Currency composition of PPG debt, French franc (%)",The percentage of external long-term public and publicly-guaranteed debt contracted in French francs for the low- and middle-income countries.,The percentage of external long-term public and publicly-guaranteed debt contracted in French francs for the low- and middle-income countries.,"World Bank, International Debt Statistics.",Economic Policy & Debt: External debt: Currency composition,International Debt Statistics,Annual,Weighted average,
DT.CUR.JYEN.ZS,"Currency composition of PPG debt, Japanese yen (%)",The percentage of external long-term public and publicly-guaranteed debt contracted in Japanese yen for the low- and middle-income countries.,The percentage of external long-term public and publicly-guaranteed debt contracted in Japanese yen for the low- and middle-income countries.,"World Bank, International Debt Statistics.",Economic Policy & Debt: External debt: Currency composition,International Debt Statistics,Annual,Weighted average,
DT.CUR.MULC.ZS,"Currency composition of PPG debt, Multiple currencies (%)",The percentage of external long-term public and publicly-guaranteed debt contracted in multiple currencies for the low- and middle-income countries.,The percentage of external long-term public and publicly-guaranteed debt contracted in multiple currencies for the low- and middle-income countries.,"World Bank, International Debt Statistics.",Economic Policy & Debt: External debt: Currency composition,International Debt Statistics,Annual,Weighted average,
DT.CUR.UKPS.ZS,"Currency composition of PPG debt, Pound sterling (%)",The percentage of external long-term public and publicly-guaranteed debt contracted in U.K. pound sterling for the low- and middle-income countries.,The percentage of external long-term public and publicly-guaranteed debt contracted in U.K. pound sterling for the low- and middle-income countries.,"World Bank, International Debt Statistics.",Economic Policy & Debt: External debt: Currency composition,International Debt Statistics,Annual,Weighted average,
DT.CUR.SDRW.ZS,"Currency composition of PPG debt, SDR (%)",The percentage of external long-term public and publicly-guaranteed debt contracted in special drawing rights for the low- and middle-income countries.,The percentage of external long-term public and publicly-guaranteed debt contracted in special drawing rights for the low- and middle-income countries.,"World Bank, International Debt Statistics.",Economic Policy & Debt: External debt: Currency composition,International Debt Statistics,Annual,Weighted average,
DT.CUR.SWFR.ZS,"Currency composition of PPG debt, Swiss franc (%)",The percentage of external long-term public and publicly-guaranteed debt contracted in Swiss francs for the low- and middle-income countries.,The percentage of external long-term public and publicly-guaranteed debt contracted in Swiss francs for the low- and middle-income countries.,"World Bank, International Debt Statistics.",Economic Policy & Debt: External debt: Currency composition,International Debt Statistics,Annual,Weighted average,
DT.CUR.USDL.ZS,"Currency composition of PPG debt, U.S. dollars (%)",The percentage of external long-term public and publicly-guaranteed debt contracted in U.S. dollars for the low- and middle-income countries.,The percentage of external long-term public and publicly-guaranteed debt contracted in U.S. dollars for the low- and middle-income countries.,"World Bank, International Debt Statistics.",Economic Policy & Debt: External debt: Currency composition,International Debt Statistics,Annual,Weighted average,
BN.CAB.XOKA.CD,Current account balance (current US$),"Current account balance shows the difference between the sum of exports and income receivable and the sum of imports and income payable (exports and imports refer to both goods and services, while income refers to both primary and secondary income).","Current account balance shows the difference between the sum of exports and income receivable and the sum of imports and income payable (exports and imports refer to both goods and services, while income refers to both primary and secondary income).","International Monetary Fund, Balance of Payments Statistics Yearbook.",Economic Policy & Debt: Balance of payments: Current account: Balances,International Debt Statistics,Annual,Sum,
DT.DSB.DPPG.CD,Debt buyback (current US$),"Debt buyback is the repurchase by a debtor of its own debt, discounted or at par. In the event of a buyback of long-term debt, the face value of the debt bought back will be recorded as a decline in the long-term debt stock, and the cash amount received by creditors will be recorded as a principal repayment. Data are in current U.S. dollars.","Debt buyback is the repurchase by a debtor of its own debt, discounted or at par. In the event of a buyback of long-term debt, the face value of the debt bought back will be recorded as a decline in the long-term debt stock, and the cash amount received by creditors will be recorded as a principal repayment. Data are in current U.S. dollars.","World Bank, International Debt Statistics.","Economic Policy & Debt: External debt: Arrears, reschedulings, etc.",International Debt Statistics,Annual,Sum,
DT.DOD.MDRI.CD,Debt forgiveness grants (current US$),Debt forgiveness grants data cover both debt cancelled by agreement between debtor and creditor and a reduction in the net present value of non-ODA debt achieved by concessional rescheduling or refinancing. The  data are on a disbursement basis and cover flows from all bilateral and multilateral donors. Data are in current U.S. dollars.,Debt forgiveness grants data cover both debt cancelled by agreement between debtor and creditor and a reduction in the net present value of non-ODA debt achieved by concessional rescheduling or refinancing. The  data are on a disbursement basis and cover flows from all bilateral and multilateral donors. Data are in current U.S. dollars.,Development Assistance Committee of the Organisation for Economic Co-operation and Development.,Economic Policy & Debt: Official development assistance,International Debt Statistics,Annual,Sum,The aggregate figure for all developing countries is sourced from OECD and includes all OECD countries and regions.
DT.DFR.DPPG.CD,Debt forgiveness or reduction (current US$),Debt forgiveness or reduction shows the change in debt stock due to debt forgiveness or reduction. It is derived by subtracting debt forgiven and debt stock reduction from debt buyback. Data are in current U.S. dollars.,Debt forgiveness or reduction shows the change in debt stock due to debt forgiveness or reduction. It is derived by subtracting debt forgiven and debt stock reduction from debt buyback. Data are in current U.S. dollars.,"World Bank, International Debt Statistics.","Economic Policy & Debt: External debt: Arrears, reschedulings, etc.",International Debt Statistics,Annual,Sum,
DT.TDS.DECB.CD,,"Central bank  debt service is the sum of principal repayments and interest actually paid in currency, goods, or services on long-term obligations of public debtors and long-term private obligations guaranteed by a public entity. The central bank is the financial institution (or institutions) that exercises control over key aspects of the financial system. The monetary authority, normally the agency that issues currency and holds the country’s international reserves. Data are in current U.S. dollars.","Central bank  debt service is the sum of principal repayments and interest actually paid in currency, goods, or services on long-term obligations of public debtors and long-term private obligations guaranteed by a public entity.The central bank is the financial institution (or institutions) that exercises control over key aspects of the financial system. The monetary authority, normally the agency that issues currency and holds the country’s international reserves.  Data are in current U.S. dollars.","World Bank, International Debt Statistics.",Economic Policy & Debt: External debt: Debt service,,Annual,,
DT.TDS.DEGG.CD,"Debt service on external debt, general government sector (PPG) (TDS, current US$)","General government  debt service is the sum of principal repayments and interest actually paid in currency, goods, or services on long-term obligations of public debtors and long-term private obligations guaranteed by a public entity. Data are in current U.S. dollars.","General government  debt service is the sum of principal repayments and interest actually paid in currency, goods, or services on long-term obligations of public debtors and long-term private obligations guaranteed by a public entity. Data are in current U.S. dollars.","World Bank, International Debt Statistics.",Economic Policy & Debt: External debt: Debt service,International Debt Statistics,Annual,Sum,
DT.TDS.DLXF.CD,"Debt service on external debt, long-term (TDS, current US$)","Debt service payments are the sum of principal repayments and interest payments actually made in the year specified. Long-term external debt is defined as debt that has an original or extended maturity of more than one year and that is owed to nonresidents by residents of an economy and repayable in currency, goods, or services. Data are in current U.S. dollars.","Debt service payments are the sum of principal repayments and interest payments actually made in the year specified. Long-term external debt is defined as debt that has an original or extended maturity of more than one year and that is owed to nonresidents by residents of an economy and repayable in currency, goods, or services. Data are in current U.S. dollars.","World Bank, International Debt Statistics.",Economic Policy & Debt: External debt: Debt service,International Debt Statistics,Annual,Sum,
DT.TDS.DOPS.CD,"Debt service on external debt, other public sector (PPG) (TDS, current US$)","Other public sector debt service is the sum of principal repayments and interest actually paid in currency, goods, or services on long-term obligations of public debtors and long-term private obligations guaranteed by a public entity. Data are in current U.S. dollars.","Other public sector debt service is the sum of principal repayments and interest actually paid in currency, goods, or services on long-term obligations of public debtors and long-term private obligations guaranteed by a public entity. Data are in current U.S. dollars.","World Bank, International Debt Statistics.",Economic Policy & Debt: External debt: Debt service,International Debt Statistics,Annual,Sum,
DT.TDS.PRPG.CD,"Debt service on external debt, private guaranteed by public sector (PPG) (TDS, current US$)","Private sector guaranteed by Public Sector debt service is the sum of principal repayments and interest actually paid in currency, goods, or services on long-term obligations of public debtors and long-term private obligations guaranteed by a public entity. Data are in current U.S. dollars.","Private sector guaranteed by Public Sector debt service is the sum of principal repayments and interest actually paid in currency, goods, or services on long-term obligations of public debtors and long-term private obligations guaranteed by a public entity. Data are in current U.S. dollars.","World Bank, International Debt Statistics.",Economic Policy & Debt: External debt: Debt service,International Debt Statistics,Annual,Sum,
DT.TDS.DPNG.CD,"Debt service on external debt, private nonguaranteed (PNG) (TDS, current US$)","Private nonguaranteed debt service is an external obligation of a private debtor that is not guaranteed for repayment by a public entity. Debt service payments are the sum of principal repayments and interest payments actually made in the year specified. Long-term external debt is defined as debt that has an original or extended maturity of more than one year and that is owed to nonresidents by residents of an economy and repayable in currency, goods, or services. Data are in current U.S. dollars.","Private nonguaranteed debt service is an external obligation of a private debtor that is not guaranteed for repayment by a public entity. Debt service payments are the sum of principal repayments and interest payments actually made in the year specified. Long-term external debt is defined as debt that has an original or extended maturity of more than one year and that is owed to nonresidents by residents of an economy and repayable in currency, goods, or services. Data are in current U.S. dollars.","World Bank, International Debt Statistics.",Economic Policy & Debt: External debt: Debt service,International Debt Statistics,Annual,Sum,
DT.TDS.DPPG.CD,"Debt service on external debt, public and publicly guaranteed (PPG) (TDS, current US$)","Public and publicly guaranteed debt service is the sum of principal repayments and interest actually paid in currency, goods, or services on long-term obligations of public debtors and long-term private obligations guaranteed by a public entity. Data are in current U.S. dollars.","Public and publicly guaranteed debt service is the sum of principal repayments and interest actually paid in currency, goods, or services on long-term obligations of public debtors and long-term private obligations guaranteed by a public entity. Data are in current U.S. dollars.","World Bank, International Debt Statistics.",Economic Policy & Debt: External debt: Debt service,International Debt Statistics,Annual,Sum,
DT.TDS.DEPS.CD,"Debt service on external debt, public sector (PPG) (TDS, current US$)","Public sector debt service is the sum of principal repayments and interest actually paid in currency, goods, or services on long-term obligations of public debtors and long-term private obligations guaranteed by a public entity. Data are in current U.S. dollars.","Public sector debt service is the sum of principal repayments and interest actually paid in currency, goods, or services on long-term obligations of public debtors and long-term private obligations guaranteed by a public entity. Data are in current U.S. dollars.","World Bank, International Debt Statistics.",Economic Policy & Debt: External debt: Debt service,International Debt Statistics,Annual,Sum,
DT.TDS.DECT.CD,"Debt service on external debt, total (TDS, current US$)","Total debt service is the sum of principal repayments and interest actually paid in currency, goods, or services on long-term debt, interest paid on short-term debt, and repayments (repurchases and charges) to the IMF. Data are in current U.S. dollars.","Total debt service is the sum of principal repayments and interest actually paid in currency, goods, or services on long-term debt, interest paid on short-term debt, and repayments (repurchases and charges) to the IMF. Data are in current U.S. dollars.","World Bank, International Debt Statistics.",Economic Policy & Debt: External debt: Debt service,International Debt Statistics,Annual,Sum,
DT.DIS.DECB.CD,,"Central bank long-term debt are aggregated. The central bank is the financial institution (or institutions) that exercises control over key aspects of the financial system. The monetary authority, normally the agency that issues currency and holds the country’s international reserves. Disbursements are drawings by the borrower on loan commitments during the year specified. Long-term external debt is defined as debt that has an original or extended maturity of more than one year and that is owed to nonresidents by residents of an economy and repayable in currency, goods, or services. Data are in current U.S. dollars.","Central bank long-term debt are aggregated. The central bank is the financial institution (or institutions) that exercises control over key aspects of the financial system. The monetary authority, normally the agency that issues currency and holds the country’s international reserves. Disbursements are drawings by the borrower on loan commitments during the year specified. Long-term external debt is defined as debt that has an original or extended maturity of more than one year and that is owed to nonresidents by residents of an economy and repayable in currency, goods, or services. Data are in current U.S. dollars.","World Bank, International Debt Statistics.",Economic Policy & Debt: External debt: Disbursements,,Annual,,
DT.DIS.DEGG.CD,"Disbursements on external debt, general government sector (PPG) (DIS, current US$)","General government long-term debt are aggregated. Public debt is an external obligation of a public debtor, including the national government, a political subdivision (or an agency of either), and autonomous public bodies. Publicly guaranteed debt is an external obligation of a private debtor that is guaranteed for repayment by a public entity. Disbursements are drawings by the borrower on loan commitments during the year specified. Long-term external debt is defined as debt that has an original or extended maturity of more than one year and that is owed to nonresidents by residents of an economy and repayable in currency, goods, or services. Data are in current U.S. dollars.","General government long-term debt are aggregated. Public debt is an external obligation of a public debtor, including the national government, a political subdivision (or an agency of either), and autonomous public bodies. Publicly guaranteed debt is an external obligation of a private debtor that is guaranteed for repayment by a public entity. Disbursements are drawings by the borrower on loan commitments during the year specified. Long-term external debt is defined as debt that has an original or extended maturity of more than one year and that is owed to nonresidents by residents of an economy and repayable in currency, goods, or services. Data are in current U.S. dollars.","World Bank, International Debt Statistics.",Economic Policy & Debt: External debt: Disbursements,International Debt Statistics,Annual,Sum,
DT.DIS.DLXF.CD,"Disbursements on external debt, long-term (DIS, current US$)","Disbursements on long-term debt are drawings by the borrower on loan commitments during the year specified. Long-term external debt is defined as debt that has an original or extended maturity of more than one year and that is owed to nonresidents by residents of an economy and repayable in currency, goods, or services. Data are in current U.S. dollars.","Disbursements on long-term debt are drawings by the borrower on loan commitments during the year specified. Long-term external debt is defined as debt that has an original or extended maturity of more than one year and that is owed to nonresidents by residents of an economy and repayable in currency, goods, or services. Data are in current U.S. dollars.","World Bank, International Debt Statistics.",Economic Policy & Debt: External debt: Disbursements,International Debt Statistics,Annual,Sum,
DT.DIS.DLTF.CD,"Disbursements on external debt, long-term + IMF (DIS, current US$)","Disbursements are drawings by the borrower on loan commitments during the year specified. This item includes disbursements on long-term debt and IMF purchases. Long-term external debt is defined as debt that has an original or extended maturity of more than one year and that is owed to nonresidents by residents of an economy and repayable in currency, goods, or services. IMF purchases are total drawings on the General Resources Account of the IMF during the year specified, excluding drawings in the reserve tranche. To maintain comparability between data on transactions with the IMF and data on long-term debt, use of IMF credit outstanding at the end of year (stock) is converted to dollars at the SDR exchange rate in effect at the end of year. Purchases are converted at the average SDR exchange rate for the year in which transactions take place. Data are in current U.S. dollars.","Disbursements are drawings by the borrower on loan commitments during the year specified. This item includes disbursements on long-term debt and IMF purchases. Long-term external debt is defined as debt that has an original or extended maturity of more than one year and that is owed to nonresidents by residents of an economy and repayable in currency, goods, or services. IMF purchases are total drawings on the General Resources Account of the IMF during the year specified, excluding drawings in the reserve tranche. To maintain comparability between data on transactions with the IMF and data on long-term debt, use of IMF credit outstanding at the end of year (stock) is converted to dollars at the SDR exchange rate in effect at the end of year. Purchases are converted at the average SDR exchange rate for the year in which transactions take place. Data are in current U.S. dollars.","World Bank, International Debt Statistics.",Economic Policy & Debt: External debt: Disbursements,International Debt Statistics,Annual,Sum,
DT.DIS.DOPS.CD,"Disbursements on external debt, other public sector (PPG) (DIS, current US$)","Other public sector long-term debt are aggregated. Public debt is an external obligation of a public debtor, including the national government, a political subdivision (or an agency of either), and autonomous public bodies. Publicly guaranteed debt is an external obligation of a private debtor that is guaranteed for repayment by a public entity. Disbursements are drawings by the borrower on loan commitments during the year specified. Long-term external debt is defined as debt that has an original or extended maturity of more than one year and that is owed to nonresidents by residents of an economy and repayable in currency, goods, or services. Data are in current U.S. dollars.","Other public sector long-term debt are aggregated. Public debt is an external obligation of a public debtor, including the national government, a political subdivision (or an agency of either), and autonomous public bodies. Publicly guaranteed debt is an external obligation of a private debtor that is guaranteed for repayment by a public entity. Disbursements are drawings by the borrower on loan commitments during the year specified. Long-term external debt is defined as debt that has an original or extended maturity of more than one year and that is owed to nonresidents by residents of an economy and repayable in currency, goods, or services. Data are in current U.S. dollars.","World Bank, International Debt Statistics.",Economic Policy & Debt: External debt: Disbursements,International Debt Statistics,Annual,Sum,
DT.DIS.PRPG.CD,"Disbursements on external debt, private guaranteed by public sector (PPG) (DIS, current US$)","Private sector guaranteed by Public Sector long-term debt are aggregated. Public debt is an external obligation of a public debtor, including the national government, a political subdivision (or an agency of either), and autonomous public bodies. Publicly guaranteed debt is an external obligation of a private debtor that is guaranteed for repayment by a public entity. Disbursements are drawings by the borrower on loan commitments during the year specified. Long-term external debt is defined as debt that has an original or extended maturity of more than one year and that is owed to nonresidents by residents of an economy and repayable in currency, goods, or services. Data are in current U.S. dollars.","Private sector guaranteed by Public Sector long-term debt are aggregated. Public debt is an external obligation of a public debtor, including the national government, a political subdivision (or an agency of either), and autonomous public bodies. Publicly guaranteed debt is an external obligation of a private debtor that is guaranteed for repayment by a public entity. Disbursements are drawings by the borrower on loan commitments during the year specified. Long-term external debt is defined as debt that has an original or extended maturity of more than one year and that is owed to nonresidents by residents of an economy and repayable in currency, goods, or services. Data are in current U.S. dollars.","World Bank, International Debt Statistics.",Economic Policy & Debt: External debt: Disbursements,International Debt Statistics,Annual,Sum,
DT.DIS.DPNG.CD,"Disbursements on external debt, private nonguaranteed (PNG) (DIS, current US$)","Private nonguaranteed external debt is an external obligation of a private debtor that is not guaranteed for repayment by a public entity. Disbursements are drawings by the borrower on loan commitments during the year specified. Long-term external debt is defined as debt that has an original or extended maturity of more than one year and that is owed to nonresidents by residents of an economy and repayable in currency, goods, or services. Data are in current U.S. dollars.","Private nonguaranteed external debt is an external obligation of a private debtor that is not guaranteed for repayment by a public entity. Disbursements are drawings by the borrower on loan commitments during the year specified. Long-term external debt is defined as debt that has an original or extended maturity of more than one year and that is owed to nonresidents by residents of an economy and repayable in currency, goods, or services. Data are in current U.S. dollars.","World Bank, International Debt Statistics.",Economic Policy & Debt: External debt: Disbursements,International Debt Statistics,Annual,Sum,
DT.DIS.DPPG.CD,"Disbursements on external debt, public and publicly guaranteed (PPG) (DIS, current US$)","Public and publicly guaranteed long-term debt are aggregated. Public debt is an external obligation of a public debtor, including the national government, a political subdivision (or an agency of either), and autonomous public bodies. Publicly guaranteed debt is an external obligation of a private debtor that is guaranteed for repayment by a public entity. Disbursements are drawings by the borrower on loan commitments during the year specified. Long-term external debt is defined as debt that has an original or extended maturity of more than one year and that is owed to nonresidents by residents of an economy and repayable in currency, goods, or services. Data are in current U.S. dollars.","Public and publicly guaranteed long-term debt are aggregated. Public debt is an external obligation of a public debtor, including the national government, a political subdivision (or an agency of either), and autonomous public bodies. Publicly guaranteed debt is an external obligation of a private debtor that is guaranteed for repayment by a public entity. Disbursements are drawings by the borrower on loan commitments during the year specified. Long-term external debt is defined as debt that has an original or extended maturity of more than one year and that is owed to nonresidents by residents of an economy and repayable in currency, goods, or services. Data are in current U.S. dollars.","World Bank, International Debt Statistics.",Economic Policy & Debt: External debt: Disbursements,International Debt Statistics,Annual,Sum,
DT.DIS.DEPS.CD,"Disbursements on external debt, public sector (PPG) (DIS, current US$)","Public sector long-term debt are aggregated. Public debt is an external obligation of a public debtor, including the national government, a political subdivision (or an agency of either), and autonomous public bodies. Publicly guaranteed debt is an external obligation of a private debtor that is guaranteed for repayment by a public entity. Disbursements are drawings by the borrower on loan commitments during the year specified. Long-term external debt is defined as debt that has an original or extended maturity of more than one year and that is owed to nonresidents by residents of an economy and repayable in currency, goods, or services. Data are in current U.S. dollars.","Public sector long-term debt are aggregated. Public debt is an external obligation of a public debtor, including the national government, a political subdivision (or an agency of either), and autonomous public bodies. Publicly guaranteed debt is an external obligation of a private debtor that is guaranteed for repayment by a public entity. Disbursements are drawings by the borrower on loan commitments during the year specified. Long-term external debt is defined as debt that has an original or extended maturity of more than one year and that is owed to nonresidents by residents of an economy and repayable in currency, goods, or services. Data are in current U.S. dollars.","World Bank, International Debt Statistics.",Economic Policy & Debt: External debt: Disbursements,International Debt Statistics,Annual,Sum,
DT.NFL.DECB.CD,,"Central bank long-term debt are aggregated. The central bank is the financial institution (or institutions) that exercises control over key aspects of the financial system. The monetary authority, normally the agency that issues currency and holds the country’s international reserves. Net flows (or net lending or net disbursements) received by the borrower during the year are disbursements minus principal repayments. Long-term external debt is defined as debt that has an original or extended maturity of more than one year and that is owed to nonresidents by residents of an economy and repayable in currency, goods, or services. Data are in current U.S. dollars.","Central bank long-term debt are aggregated.  The central bank is the financial institution (or institutions) that exercises control over key aspects of the financial system. The monetary authority, normally the agency that issues currency and holds the country’s international reserves. Net flows (or net lending or net disbursements) received by the borrower during the year are disbursements minus principal repayments. Long-term external debt is defined as debt that has an original or extended maturity of more than one year and that is owed to nonresidents by residents of an economy and repayable in currency, goods, or services. Data are in current U.S. dollars.","World Bank, International Debt Statistics.",Economic Policy & Debt: External debt: Net flows,,Annual,,
DT.NFL.DEGG.CD,"Net flows on external debt, general government sector (PPG) (NFL, current US$)","General government long-term debt are aggregated. Public debt is an external obligation of a public debtor, including the national government, a political subdivision (or an agency of either), and autonomous public bodies. Publicly guaranteed debt is an external obligation of a private debtor that is guaranteed for repayment by a public entity. Net flows (or net lending or net disbursements) received by the borrower during the year are disbursements minus principal repayments. Long-term external debt is defined as debt that has an original or extended maturity of more than one year and that is owed to nonresidents by residents of an economy and repayable in currency, goods, or services. Data are in current U.S. dollars.","General government long-term debt are aggregated. Public debt is an external obligation of a public debtor, including the national government, a political subdivision (or an agency of either), and autonomous public bodies. Publicly guaranteed debt is an external obligation of a private debtor that is guaranteed for repayment by a public entity. Net flows (or net lending or net disbursements) received by the borrower during the year are disbursements minus principal repayments. Long-term external debt is defined as debt that has an original or extended maturity of more than one year and that is owed to nonresidents by residents of an economy and repayable in currency, goods, or services. Data are in current U.S. dollars.","World Bank, International Debt Statistics.",Economic Policy & Debt: External debt: Net flows,International Debt Statistics,Annual,Sum,
DT.NFL.DLXF.CD,"Net flows on external debt, long-term (NFL, current US$)","Net flows (or net lending or net disbursements) received by the borrower during the year are disbursements minus principal repayments. Long-term external debt is defined as debt that has an original or extended maturity of more than one year and that is owed to nonresidents by residents of an economy and repayable in currency, goods, or services. Data are in current U.S. dollars.","Net flows (or net lending or net disbursements) received by the borrower during the year are disbursements minus principal repayments. Long-term external debt is defined as debt that has an original or extended maturity of more than one year and that is owed to nonresidents by residents of an economy and repayable in currency, goods, or services. Data are in current U.S. dollars.","World Bank, International Debt Statistics.",Economic Policy & Debt: External debt: Net flows,International Debt Statistics,Annual,Sum,
DT.NFL.DOPS.CD,"Net flows on external debt, other public sector (PPG) (NFL, current US$)","Other public sector long-term debt are aggregated. Public debt is an external obligation of a public debtor, including the national government, a political subdivision (or an agency of either), and autonomous public bodies. Publicly guaranteed debt is an external obligation of a private debtor that is guaranteed for repayment by a public entity. Net flows (or net lending or net disbursements) received by the borrower during the year are disbursements minus principal repayments. Long-term external debt is defined as debt that has an original or extended maturity of more than one year and that is owed to nonresidents by residents of an economy and repayable in currency, goods, or services. Data are in current U.S. dollars.","Other public sector long-term debt are aggregated. Public debt is an external obligation of a public debtor, including the national government, a political subdivision (or an agency of either), and autonomous public bodies. Publicly guaranteed debt is an external obligation of a private debtor that is guaranteed for repayment by a public entity. Net flows (or net lending or net disbursements) received by the borrower during the year are disbursements minus principal repayments. Long-term external debt is defined as debt that has an original or extended maturity of more than one year and that is owed to nonresidents by residents of an economy and repayable in currency, goods, or services. Data are in current U.S. dollars.","World Bank, International Debt Statistics.",Economic Policy & Debt: External debt: Net flows,International Debt Statistics,Annual,Sum,
DT.NFL.PRPG.CD,"Net flows on external debt, private guaranteed by public sector (PPG) (NFL, current US$)","Private sector guaranteed by Public Sector long-term debt are aggregated. Public debt is an external obligation of a public debtor, including the national government, a political subdivision (or an agency of either), and autonomous public bodies. Publicly guaranteed debt is an external obligation of a private debtor that is guaranteed for repayment by a public entity. Net flows (or net lending or net disbursements) received by the borrower during the year are disbursements minus principal repayments. Long-term external debt is defined as debt that has an original or extended maturity of more than one year and that is owed to nonresidents by residents of an economy and repayable in currency, goods, or services. Data are in current U.S. dollars.","Private sector guaranteed by Public Sector long-term debt are aggregated. Public debt is an external obligation of a public debtor, including the national government, a political subdivision (or an agency of either), and autonomous public bodies. Publicly guaranteed debt is an external obligation of a private debtor that is guaranteed for repayment by a public entity. Net flows (or net lending or net disbursements) received by the borrower during the year are disbursements minus principal repayments. Long-term external debt is defined as debt that has an original or extended maturity of more than one year and that is owed to nonresidents by residents of an economy and repayable in currency, goods, or services. Data are in current U.S. dollars.","World Bank, International Debt Statistics.",Economic Policy & Debt: External debt: Net flows,International Debt Statistics,Annual,Sum,
DT.NFL.DPNG.CD,"Net flows on external debt, private nonguaranteed (PNG) (NFL, current US$)","Private nonguaranteed external debt is an external obligation of a private debtor that is not guaranteed for repayment by a public entity. Net flows (or net lending or net disbursements) received by the borrower during the year are disbursements minus principal repayments. Long-term external debt is defined as debt that has an original or extended maturity of more than one year and that is owed to nonresidents by residents of an economy and repayable in currency, goods, or services. Data are in current U.S. dollars.","Private nonguaranteed external debt is an external obligation of a private debtor that is not guaranteed for repayment by a public entity. Net flows (or net lending or net disbursements) received by the borrower during the year are disbursements minus principal repayments. Long-term external debt is defined as debt that has an original or extended maturity of more than one year and that is owed to nonresidents by residents of an economy and repayable in currency, goods, or services. Data are in current U.S. dollars.","World Bank, International Debt Statistics.",Economic Policy & Debt: External debt: Net flows,International Debt Statistics,Annual,Sum,
DT.NFL.DPPG.CD,"Net flows on external debt, public and publicly guaranteed (PPG) (NFL, current US$)","Public and publicly guaranteed long-term debt are aggregated. Public debt is an external obligation of a public debtor, including the national government, a political subdivision (or an agency of either), and autonomous public bodies. Publicly guaranteed debt is an external obligation of a private debtor that is guaranteed for repayment by a public entity. Net flows (or net lending or net disbursements) received by the borrower during the year are disbursements minus principal repayments. Long-term external debt is defined as debt that has an original or extended maturity of more than one year and that is owed to nonresidents by residents of an economy and repayable in currency, goods, or services. Data are in current U.S. dollars.","Public and publicly guaranteed long-term debt are aggregated. Public debt is an external obligation of a public debtor, including the national government, a political subdivision (or an agency of either), and autonomous public bodies. Publicly guaranteed debt is an external obligation of a private debtor that is guaranteed for repayment by a public entity. Net flows (or net lending or net disbursements) received by the borrower during the year are disbursements minus principal repayments. Long-term external debt is defined as debt that has an original or extended maturity of more than one year and that is owed to nonresidents by residents of an economy and repayable in currency, goods, or services. Data are in current U.S. dollars.","World Bank, International Debt Statistics.",Economic Policy & Debt: External debt: Net flows,International Debt Statistics,Annual,Sum,
DT.NFL.DEPS.CD,"Net flows on external debt, public sector (PPG) (NFL, current US$)","Public sector long-term debt are aggregated. Public debt is an external obligation of a public debtor, including the national government, a political subdivision (or an agency of either), and autonomous public bodies. Publicly guaranteed debt is an external obligation of a private debtor that is guaranteed for repayment by a public entity. Net flows (or net lending or net disbursements) received by the borrower during the year are disbursements minus principal repayments. Long-term external debt is defined as debt that has an original or extended maturity of more than one year and that is owed to nonresidents by residents of an economy and repayable in currency, goods, or services. Data are in current U.S. dollars.","Public sector long-term debt are aggregated. Public debt is an external obligation of a public debtor, including the national government, a political subdivision (or an agency of either), and autonomous public bodies. Publicly guaranteed debt is an external obligation of a private debtor that is guaranteed for repayment by a public entity. Net flows (or net lending or net disbursements) received by the borrower during the year are disbursements minus principal repayments. Long-term external debt is defined as debt that has an original or extended maturity of more than one year and that is owed to nonresidents by residents of an economy and repayable in currency, goods, or services. Data are in current U.S. dollars.","World Bank, International Debt Statistics.",Economic Policy & Debt: External debt: Net flows,International Debt Statistics,Annual,Sum,
DT.NFL.DSTC.CD,"Net flows on external debt, short-term (NFL, current US$)",Net flows (or net lending or net disbursements) received by the borrower during the year are disbursements minus principal repayments. Short-term external debt is defined as debt that has an original maturity of one year or less. Available data permit no distinction between public and private nonguaranteed short-term debt. Data are in current U.S. dollars.,Net flows (or net lending or net disbursements) received by the borrower during the year are disbursements minus principal repayments. Short-term external debt is defined as debt that has an original maturity of one year or less. Available data permit no distinction between public and private nonguaranteed short-term debt. Data are in current U.S. dollars.,"World Bank, International Debt Statistics.",Economic Policy & Debt: External debt: Net flows,International Debt Statistics,Annual,Sum,
DT.NFL.DECT.CD,"Net flows on external debt, total (NFL, current US$)","Net flows on external debt are disbursements on long-term external debt and IMF purchases minus principal repayments on long-term external debt and IMF repurchases up to 1984. Beginning in 1985 this line includes the change in stock of short-term debt (including interest arrears for long-term debt). Thus, if the change in stock is positive, a disbursement is assumed to have taken place; if negative, a repayment is assumed to have taken place. Long-term external debt is defined as debt that has an original or extended maturity of more than one year and that is owed to nonresidents by residents of an economy and repayable in currency, goods, or services. Data are in current U.S. dollars.","Net flows on external debt are disbursements on long-term external debt and IMF purchases minus principal repayments on long-term external debt and IMF repurchases up to 1984. Beginning in 1985 this line includes the change in stock of short-term debt (including interest arrears for long-term debt). Thus, if the change in stock is positive, a disbursement is assumed to have taken place; if negative, a repayment is assumed to have taken place. Long-term external debt is defined as debt that has an original or extended maturity of more than one year and that is owed to nonresidents by residents of an economy and repayable in currency, goods, or services. Data are in current U.S. dollars.","World Bank, International Debt Statistics.",Economic Policy & Debt: External debt: Net flows,International Debt Statistics,Annual,Sum,
DT.DOD.PVLX.CD,Present value of external debt (current US$),"Present value of debt is the sum of short-term external debt plus the discounted sum of total debt service payments due on public, publicly guaranteed, and private nonguaranteed long-term external debt over the life of existing loans. This calculation assumes that the PV of loans with a negative grant element is equal to the nominal value of the loan.
Data are in current U.S. dollars.","Present value of debt is the sum of short-term external debt plus the discounted sum of total debt service payments due on public, publicly guaranteed, and private nonguaranteed long-term external debt over the life of existing loans. This calculation assumes that the PV of loans with a negative grant element is equal to the nominal value of the loan.
Data are in current U.S. dollars.","World Bank, International Debt Statistics.",Economic Policy & Debt: External debt: Debt outstanding,International Debt Statistics,Annual,Sum,
DT.AXF.DPPG.CD,Principal forgiven (current US$),"Principal forgiven is the amount of principal due or in arrears that was written off or forgiven in any given year. It includes debt forgiven within and outside Paris Club agreements, principal forgiven and principal arrears forgiven. Data are in current U.S. dollars.","Principal forgiven is the amount of principal due or in arrears that was written off or forgiven in any given year. It includes debt forgiven within and outside Paris Club agreements, principal forgiven and principal arrears forgiven. Data are in current U.S. dollars.","World Bank, International Debt Statistics.","Economic Policy & Debt: External debt: Arrears, reschedulings, etc.",International Debt Statistics,Annual,Sum,
DT.AMT.DECB.CD,,"Central bank  long-term debt are aggregated. The central bank is the financial institution (or institutions) that exercises control over key aspects of the financial system. The monetary authority, normally the agency that issues currency and holds the country’s international reserves. Principal repayments are actual amounts of principal (amortization) paid by the borrower in currency, goods, or services in the year specified. Long-term external debt is defined as debt that has an original or extended maturity of more than one year and that is owed to nonresidents by residents of an economy and repayable in currency, goods, or services. Data are in current U.S. dollars.","Central bank  long-term debt are aggregated. The central bank is the financial institution (or institutions) that exercises control over key aspects of the financial system. The monetary authority, normally the agency that issues currency and holds the country’s international reserves.  Principal repayments are actual amounts of principal (amortization) paid by the borrower in currency, goods, or services in the year specified. Long-term external debt is defined as debt that has an original or extended maturity of more than one year and that is owed to nonresidents by residents of an economy and repayable in currency, goods, or services. Data are in current U.S. dollars.","World Bank, International Debt Statistics.",Economic Policy & Debt: External debt: Amortization,,Annual,,
DT.AMT.DEGG.CD,"Principal repayments on external debt, general government sector (PPG) (AMT, current US$)","General government long-term debt are aggregated. General government debt is an external obligation of a public debtor, including the national government, a political subdivision (or an agency of either), and autonomous public bodies. Publicly guaranteed debt is an external obligation of a private debtor that is guaranteed for repayment by a public entity. Principal repayments are actual amounts of principal (amortization) paid by the borrower in currency, goods, or services in the year specified. Long-term external debt is defined as debt that has an original or extended maturity of more than one year and that is owed to nonresidents by residents of an economy and repayable in currency, goods, or services. Data are in current U.S. dollars.","General government long-term debt are aggregated. General government debt is an external obligation of a public debtor, including the national government, a political subdivision (or an agency of either), and autonomous public bodies. Publicly guaranteed debt is an external obligation of a private debtor that is guaranteed for repayment by a public entity. Principal repayments are actual amounts of principal (amortization) paid by the borrower in currency, goods, or services in the year specified. Long-term external debt is defined as debt that has an original or extended maturity of more than one year and that is owed to nonresidents by residents of an economy and repayable in currency, goods, or services. Data are in current U.S. dollars.","World Bank, International Debt Statistics.",Economic Policy & Debt: External debt: Amortization,International Debt Statistics,Annual,Sum,
DT.AMT.DLXF.CD,"Principal repayments on external debt, long-term (AMT, current US$)","Principal repayments on long-term debt are actual amounts of principal (amortization) paid by the borrower in currency, goods, or services in the year specified. Long-term external debt is defined as debt that has an original or extended maturity of more than one year and that is owed to nonresidents by residents of an economy and repayable in currency, goods, or services. Data are in current U.S. dollars.","Principal repayments on long-term debt are actual amounts of principal (amortization) paid by the borrower in currency, goods, or services in the year specified. Long-term external debt is defined as debt that has an original or extended maturity of more than one year and that is owed to nonresidents by residents of an economy and repayable in currency, goods, or services. Data are in current U.S. dollars.","World Bank, International Debt Statistics.",Economic Policy & Debt: External debt: Amortization,International Debt Statistics,Annual,Sum,
DT.AMT.DLTF.CD,"Principal repayments on external debt, long-term + IMF (AMT, current US$)","Principal repayments are actual amounts of principal (amortization) paid by the borrower in currency, goods, or services in the year specified. This item includes principal repayments on long-term debt and IMF repurchases. Long-term external debt is defined as debt that has an original or extended maturity of more than one year and that is owed to nonresidents by residents of an economy and repayable in currency, goods, or services. IMF repurchases are total repayments of outstanding drawings from the General Resources Account during the year specified, excluding repayments due in the reserve tranche. To maintain comparability between data on transactions with the IMF and data on long-term debt, use of IMF credit outstanding at the end of year (stock) is converted to dollars at the SDR exchange rate in effect at the end of year. Repurchases (flows) are converted at the average SDR exchange rate for the year in which transactions take place. Data are in current U.S. dollars.","Principal repayments are actual amounts of principal (amortization) paid by the borrower in currency, goods, or services in the year specified. This item includes principal repayments on long-term debt and IMF repurchases. Long-term external debt is defined as debt that has an original or extended maturity of more than one year and that is owed to nonresidents by residents of an economy and repayable in currency, goods, or services. IMF repurchases are total repayments of outstanding drawings from the General Resources Account during the year specified, excluding repayments due in the reserve tranche. To maintain comparability between data on transactions with the IMF and data on long-term debt, use of IMF credit outstanding at the end of year (stock) is converted to dollars at the SDR exchange rate in effect at the end of year. Repurchases (flows) are converted at the average SDR exchange rate for the year in which transactions take place. Data are in current U.S. dollars.","World Bank, International Debt Statistics.",Economic Policy & Debt: External debt: Amortization,International Debt Statistics,Annual,Sum,
DT.AMT.DOPS.CD,"Principal repayments on external debt, other public sector (PPG) (AMT, current US$)","Other public sector long-term debt are aggregated. Other public sector debt is an external obligation of a public debtor, including the national government, a political subdivision (or an agency of either), and autonomous public bodies. Publicly guaranteed debt is an external obligation of a private debtor that is guaranteed for repayment by a public entity. Principal repayments are actual amounts of principal (amortization) paid by the borrower in currency, goods, or services in the year specified. Long-term external debt is defined as debt that has an original or extended maturity of more than one year and that is owed to nonresidents by residents of an economy and repayable in currency, goods, or services. Data are in current U.S. dollars.","Other public sector long-term debt are aggregated. Other public sector debt is an external obligation of a public debtor, including the national government, a political subdivision (or an agency of either), and autonomous public bodies. Publicly guaranteed debt is an external obligation of a private debtor that is guaranteed for repayment by a public entity. Principal repayments are actual amounts of principal (amortization) paid by the borrower in currency, goods, or services in the year specified. Long-term external debt is defined as debt that has an original or extended maturity of more than one year and that is owed to nonresidents by residents of an economy and repayable in currency, goods, or services. Data are in current U.S. dollars.","World Bank, International Debt Statistics.",Economic Policy & Debt: External debt: Amortization,International Debt Statistics,Annual,Sum,
DT.AMT.PRPG.CD,"Principal repayments on external debt, private guaranteed by public sector (PPG) (AMT, current US$)","Private sector guaranteed by Public Sector  long-term debt are aggregated.Private sector guaranteed by Public Sector debt is an external obligation of a public debtor, including the national government, a political subdivision (or an agency of either), and autonomous public bodies. Publicly guaranteed debt is an external obligation of a private debtor that is guaranteed for repayment by a public entity. Principal repayments are actual amounts of principal (amortization) paid by the borrower in currency, goods, or services in the year specified. Long-term external debt is defined as debt that has an original or extended maturity of more than one year and that is owed to nonresidents by residents of an economy and repayable in currency, goods, or services. Data are in current U.S. dollars.","Private sector guaranteed by Public Sector  long-term debt are aggregated.Private sector guaranteed by Public Sector debt is an external obligation of a public debtor, including the national government, a political subdivision (or an agency of either), and autonomous public bodies. Publicly guaranteed debt is an external obligation of a private debtor that is guaranteed for repayment by a public entity. Principal repayments are actual amounts of principal (amortization) paid by the borrower in currency, goods, or services in the year specified. Long-term external debt is defined as debt that has an original or extended maturity of more than one year and that is owed to nonresidents by residents of an economy and repayable in currency, goods, or services. Data are in current U.S. dollars.","World Bank, International Debt Statistics.",Economic Policy & Debt: External debt: Amortization,International Debt Statistics,Annual,Sum,
DT.AMT.DPNG.CD,"Principal repayments on external debt, private nonguaranteed (PNG) (AMT, current US$)","Private nonguaranteed external debt is an external obligation of a private debtor that is not guaranteed for repayment by a public entity. Principal repayments are actual amounts of principal (amortization) paid by the borrower in currency, goods, or services in the year specified. Long-term external debt is defined as debt that has an original or extended maturity of more than one year and that is owed to nonresidents by residents of an economy and repayable in currency, goods, or services. Data are in current U.S. dollars.","Private nonguaranteed external debt is an external obligation of a private debtor that is not guaranteed for repayment by a public entity. Principal repayments are actual amounts of principal (amortization) paid by the borrower in currency, goods, or services in the year specified. Long-term external debt is defined as debt that has an original or extended maturity of more than one year and that is owed to nonresidents by residents of an economy and repayable in currency, goods, or services. Data are in current U.S. dollars.","World Bank, International Debt Statistics.",Economic Policy & Debt: External debt: Amortization,International Debt Statistics,Annual,Sum,
DT.AMT.DPPG.CD,"Principal repayments on external debt, public and publicly guaranteed (PPG) (AMT, current US$)","Public and publicly guaranteed long-term debt are aggregated. Public debt is an external obligation of a public debtor, including the national government, a political subdivision (or an agency of either), and autonomous public bodies. Publicly guaranteed debt is an external obligation of a private debtor that is guaranteed for repayment by a public entity. Principal repayments are actual amounts of principal (amortization) paid by the borrower in currency, goods, or services in the year specified. Long-term external debt is defined as debt that has an original or extended maturity of more than one year and that is owed to nonresidents by residents of an economy and repayable in currency, goods, or services. Data are in current U.S. dollars.","Public and publicly guaranteed long-term debt are aggregated. Public debt is an external obligation of a public debtor, including the national government, a political subdivision (or an agency of either), and autonomous public bodies. Publicly guaranteed debt is an external obligation of a private debtor that is guaranteed for repayment by a public entity. Principal repayments are actual amounts of principal (amortization) paid by the borrower in currency, goods, or services in the year specified. Long-term external debt is defined as debt that has an original or extended maturity of more than one year and that is owed to nonresidents by residents of an economy and repayable in currency, goods, or services. Data are in current U.S. dollars.","World Bank, International Debt Statistics.",Economic Policy & Debt: External debt: Amortization,International Debt Statistics,Annual,Sum,
DT.AMT.DEPS.CD,"Principal repayments on external debt, public sector (PPG) (AMT, current US$)","Public sector long-term debt are aggregated. Public sector debt is an external obligation of a public debtor, including the national government, a political subdivision (or an agency of either), and autonomous public bodies. Publicly guaranteed debt is an external obligation of a private debtor that is guaranteed for repayment by a public entity. Principal repayments are actual amounts of principal (amortization) paid by the borrower in currency, goods, or services in the year specified. Long-term external debt is defined as debt that has an original or extended maturity of more than one year and that is owed to nonresidents by residents of an economy and repayable in currency, goods, or services. Data are in current U.S. dollars.","Public sector long-term debt are aggregated. Public sector debt is an external obligation of a public debtor, including the national government, a political subdivision (or an agency of either), and autonomous public bodies. Publicly guaranteed debt is an external obligation of a private debtor that is guaranteed for repayment by a public entity. Principal repayments are actual amounts of principal (amortization) paid by the borrower in currency, goods, or services in the year specified. Long-term external debt is defined as debt that has an original or extended maturity of more than one year and that is owed to nonresidents by residents of an economy and repayable in currency, goods, or services. Data are in current U.S. dollars.","World Bank, International Debt Statistics.",Economic Policy & Debt: External debt: Amortization,International Debt Statistics,Annual,Sum,
DT.AXR.DPPG.CD,Principal rescheduled (current US$),Principal rescheduled is the amount of principal due or in arrears that was rescheduled in any given year. Data are in current U.S. dollars.,Principal rescheduled is the amount of principal due or in arrears that was rescheduled in any given year. Data are in current U.S. dollars.,"World Bank, International Debt Statistics.","Economic Policy & Debt: External debt: Arrears, reschedulings, etc.",International Debt Statistics,Annual,Sum,
DT.AXR.OFFT.CD,"Principal rescheduled, official (current US$)","Principal rescheduled is the amount of principal due or in arrears that was rescheduled in any given year. Debt from official creditors includes loans from international organizations (multilateral loans) and loans from governments (bilateral loans). Loans from international organization include loans and credits from the World Bank, regional development banks, and other multilateral and intergovernmental agencies. Excluded are loans from funds administered by an international organization on behalf of a single donor government; these are classified as loans from governments. Government loans include loans from governments and their agencies (including central banks), loans from autonomous bodies, and direct loans from official export credit agencies. Data are in current U.S. dollars.","Principal rescheduled is the amount of principal due or in arrears that was rescheduled in any given year. Debt from official creditors includes loans from international organizations (multilateral loans) and loans from governments (bilateral loans). Loans from international organization include loans and credits from the World Bank, regional development banks, and other multilateral and intergovernmental agencies. Excluded are loans from funds administered by an international organization on behalf of a single donor government; these are classified as loans from governments. Government loans include loans from governments and their agencies (including central banks), loans from autonomous bodies, and direct loans from official export credit agencies. Data are in current U.S. dollars.","World Bank, International Debt Statistics.","Economic Policy & Debt: External debt: Arrears, reschedulings, etc.",International Debt Statistics,Annual,Sum,
DT.AXR.PRVT.CD,"Principal rescheduled, private (current US$)","Principal rescheduled is the amount of principal due or in arrears that was rescheduled in any given year. Debt from private creditors include bonds that are either publicly issued or privately placed; commercial bank loans from private banks and other private financial institutions; and other private credits from manufacturers, exporters, and other suppliers of goods, and bank credits covered by a guarantee of an export credit agency. Data are in current U.S. dollars.","Principal rescheduled is the amount of principal due or in arrears that was rescheduled in any given year. Debt from private creditors include bonds that are either publicly issued or privately placed; commercial bank loans from private banks and other private financial institutions; and other private credits from manufacturers, exporters, and other suppliers of goods, and bank credits covered by a guarantee of an export credit agency. Data are in current U.S. dollars.","World Bank, International Debt Statistics.","Economic Policy & Debt: External debt: Arrears, reschedulings, etc.",International Debt Statistics,Annual,Sum,
DT.DOD.DSTC.ZS,Short-term debt (% of total external debt),"Short-term debt includes all debt having an original maturity of one year or less and interest in arrears on long-term debt. Total external debt is debt owed to nonresidents repayable in currency, goods, or services. Total external debt is the sum of public, publicly guaranteed, and private nonguaranteed long-term debt, use of IMF credit, and short-term debt.","Short-term debt includes all debt having an original maturity of one year or less and interest in arrears on long-term debt. Total external debt is debt owed to nonresidents repayable in currency, goods, or services. Total external debt is the sum of public, publicly guaranteed, and private nonguaranteed long-term debt, use of IMF credit, and short-term debt.","World Bank, International Debt Statistics.",Economic Policy & Debt: External debt: Debt ratios & other items,International Debt Statistics,Annual,Weighted average,
BX.GRT.TECH.CD.DT,Technical cooperation grants (current US$),"Technical cooperation grants include free-standing technical cooperation grants, which are intended to finance the transfer of technical and managerial skills or of technology for the purpose of building up general national capacity without reference to any specific investment projects; and investment-related technical cooperation grants, which are provided to strengthen the capacity to execute specific investment projects. Data are in current U.S. dollars.","Technical cooperation grants include free-standing technical cooperation grants, which are intended to finance the transfer of technical and managerial skills or of technology for the purpose of building up general national capacity without reference to any specific investment projects; and investment-related technical cooperation grants, which are provided to strengthen the capacity to execute specific investment projects. Data are in current U.S. dollars.","World Bank, International Debt Statistics.",Economic Policy & Debt: Balance of payments: Reserves & other items,International Debt Statistics,Annual,Sum,
DT.TXR.DPPG.CD,Total amount of debt rescheduled (current US$),"Total amount of debt rescheduled includes the debt stock, principal, interest, charges and penalties rescheduled. Data are in current U.S. dollars.","Total amount of debt rescheduled includes the debt stock, principal, interest, charges and penalties rescheduled. Data are in current U.S. dollars.","World Bank, International Debt Statistics.","Economic Policy & Debt: External debt: Arrears, reschedulings, etc.",International Debt Statistics,Annual,Sum,
DT.DOD.DECT.CD.CG,Total change in external debt stocks (current US$),Total change in debt stocks shows the variation in debt stock between two consecutive years. Data are in current U.S. dollars.,Total change in debt stocks shows the variation in debt stock between two consecutive years. Data are in current U.S. dollars.,"World Bank, International Debt Statistics.","Economic Policy & Debt: External debt: Arrears, reschedulings, etc.",International Debt Statistics,Annual,Sum,
FI.RES.TOTL.DT.ZS,Total reserves (% of total external debt),International reserves to total external debt stocks.,International reserves to total external debt stocks.,"World Bank, International Debt Statistics.",Economic Policy & Debt: Balance of payments: Reserves & other items,International Debt Statistics,Annual,Weighted average,
FI.RES.TOTL.CD,"Total reserves (includes gold, current US$)","Total reserves comprise holdings of monetary gold, special drawing rights, reserves of IMF members held by the IMF, and holdings of foreign exchange under the control of monetary authorities. The gold component of these reserves is valued at year-end (December 31) London prices. Data are in current U.S. dollars.","Total reserves comprise holdings of monetary gold, special drawing rights, reserves of IMF members held by the IMF, and holdings of foreign exchange under the control of monetary authorities. The gold component of these reserves is valued at year-end (December 31) London prices. Data are in current U.S. dollars.","International Monetary Fund, International Financial Statistics.",Economic Policy & Debt: Balance of payments: Reserves & other items,International Debt Statistics,Annual,Sum,
DT.UND.OFFT.CD,"Undisbursed external debt, official creditors (UND, current US$)","Undisbursed debt is the total public and publicly guaranteed debt undrawn at year end; data for private nonguaranteed debt are not available. Debt from official creditors includes loans from international organizations (multilateral loans) and loans from governments (bilateral loans). Loans from international organization include loans and credits from the World Bank, regional development banks, and other multilateral and intergovernmental agencies. Excluded are loans from funds administered by an international organization on behalf of a single donor government; these are classified as loans from governments. Government loans include loans from governments and their agencies (including central banks), loans from autonomous bodies, and direct loans from official export credit agencies. Data are in current U.S. dollars.","Undisbursed debt is the total public and publicly guaranteed debt undrawn at year end; data for private nonguaranteed debt are not available. Debt from official creditors includes loans from international organizations (multilateral loans) and loans from governments (bilateral loans). Loans from international organization include loans and credits from the World Bank, regional development banks, and other multilateral and intergovernmental agencies. Excluded are loans from funds administered by an international organization on behalf of a single donor government; these are classified as loans from governments. Government loans include loans from governments and their agencies (including central banks), loans from autonomous bodies, and direct loans from official export credit agencies. Data are in current U.S. dollars.","World Bank, International Debt Statistics.",Economic Policy & Debt: External debt: Undisbursed debt,International Debt Statistics,Annual,Sum,
DT.UND.PRVT.CD,"Undisbursed external debt, private creditors (UND, current US$)","Undisbursed debt is the total public and publicly guaranteed debt undrawn at year end; data for private nonguaranteed debt are not available. Debt from private creditors include bonds that are either publicly issued or privately placed; commercial bank loans from private banks and other private financial institutions; and other private credits from manufacturers, exporters, and other suppliers of goods, and bank credits covered by a guarantee of an export credit agency. Data are in current U.S. dollars.","Undisbursed debt is the total public and publicly guaranteed debt undrawn at year end; data for private nonguaranteed debt are not available. Debt from private creditors include bonds that are either publicly issued or privately placed; commercial bank loans from private banks and other private financial institutions; and other private credits from manufacturers, exporters, and other suppliers of goods, and bank credits covered by a guarantee of an export credit agency. Data are in current U.S. dollars.","World Bank, International Debt Statistics.",Economic Policy & Debt: External debt: Undisbursed debt,International Debt Statistics,Annual,Sum,
DT.UND.DPPG.CD,"Undisbursed external debt, total (UND, current US$)","Undisbursed debt is the total public and publicly guaranteed debt undrawn at year end; data for private nonguaranteed debt are not available. Public and publicly guaranteed long-term debt are aggregated. Public debt is an external obligation of a public debtor, including the national government, a political subdivision (or an agency of either), and autonomous public bodies. Publicly guaranteed debt is an external obligation of a private debtor that is guaranteed for repayment by a public entity. Data are in current U.S. dollars.","Undisbursed debt is the total public and publicly guaranteed debt undrawn at year end; data for private nonguaranteed debt are not available. Public and publicly guaranteed long-term debt are aggregated. Public debt is an external obligation of a public debtor, including the national government, a political subdivision (or an agency of either), and autonomous public bodies. Publicly guaranteed debt is an external obligation of a private debtor that is guaranteed for repayment by a public entity. Data are in current U.S. dollars.","World Bank, International Debt Statistics.",Economic Policy & Debt: External debt: Undisbursed debt,International Debt Statistics,Annual,Sum,
DT.DOD.DIMF.CD,"Use of IMF credit (DOD, current US$)","Use of IMF credit denotes members’ drawings on the IMF other than amounts drawn against the country’s reserve tranche position. Use of IMF credit includes purchases and drawings under Stand-By, Extended, Structural Adjustment, Enhanced Structural Adjustment, and Systemic Transformation Facility Arrangements as well as Trust Fund loans. SDR allocations are also included in this category.","Use of IMF Credit: Data related to the operations of the IMF are provided by the IMF Treasurer’s Department. They are converted from special drawing rights into dollars using end-of-period exchange rates for stocks and average-over-the-period exchange rates for flows. IMF trust fund operations under the Enhanced Structural Adjustment Facility, Extended Fund Facility, Poverty Reduction and Growth Facility, and Structural Adjustment Facility (Enhanced Structural Adjustment Facility in 1999) are presented together with all of the IMF’s special facilities (buffer stock, supplemental reserve, compensatory and contingency facilities, oil facilities, and other facilities). SDR allocations are also included in this category. According to the BPM6, SDR allocations are recorded as the incurrence of a debt liability of the member receiving them (because of a requirement to repay the allocation in certain circumstances, and also because interest accrues). This debt item is introduced for the first time this year with historical data starting in 1999.","World Bank, International Debt Statistics.",Economic Policy & Debt: External debt: Debt outstanding,International Debt Statistics,Annual,Sum,
DT.DOD.DSDR.CD,"Use of IMF credit, SDR allocations (DOD, current US$)","SDR allocations are also included in this category. According to the BPM6, SDR allocations are recorded as the incurrence of a debt liability of the member receiving them (because of a requirement to repay the allocation in certain circumstances, and also because interest accrues). This debt item is introduced for the first time this year with historical data starting in 1999.","SDR allocations are also included in this category. According to the BPM6, SDR allocations are recorded as the incurrence of a debt liability of the member receiving them (because of a requirement to repay the allocation in certain circumstances, and also because interest accrues). This debt item is introduced for the first time this year with historical data starting in 1999.","World Bank, International Debt Statistics.",Economic Policy & Debt: External debt: Debt outstanding,International Debt Statistics,Annual,Sum,
